{
  "budget": {
    "precision": 1.0,
    "recall": 1.0,
    "f1-score": 1.0,
    "support": 4
  },
  "person_name": {
    "precision": 1.0,
    "recall": 1.0,
    "f1-score": 1.0,
    "support": 8
  },
  "business_email": {
    "precision": 1.0,
    "recall": 1.0,
    "f1-score": 1.0,
    "support": 6
  },
  "job_function": {
    "precision": 1.0,
    "recall": 1.0,
    "f1-score": 1.0,
    "support": 11
  },
  "company": {
    "precision": 1.0,
    "recall": 1.0,
    "f1-score": 1.0,
    "support": 9
  },
  "use_case": {
    "precision": 0.8571428571428571,
    "recall": 0.75,
    "f1-score": 0.7999999999999999,
    "support": 8
  },
  "micro avg": {
    "precision": 0.9777777777777777,
    "recall": 0.9565217391304348,
    "f1-score": 0.967032967032967,
    "support": 46
  },
  "macro avg": {
    "precision": 0.9761904761904762,
    "recall": 0.9583333333333334,
    "f1-score": 0.9666666666666667,
    "support": 46
  },
  "weighted avg": {
    "precision": 0.9751552795031055,
    "recall": 0.9565217391304348,
    "f1-score": 0.9652173913043478,
    "support": 46
  }
}